{
	"format_version": "1.8.0",
	"animations": {
		"walk": {
			"loop": true,
			"animation_length": 2,
			"bones": {
				"Tail": {
					"rotation": ["math.cos(query.anim_time*360)*2.5", "math.sin(query.anim_time*180-45)*2.5", "-math.cos(query.anim_time*180-45)*3"]
				},
				"Head": {
					"rotation": ["10+math.cos(query.anim_time*360-45)*8", "math.sin(query.anim_time*180)*5", "-math.cos(query.anim_time*180)*5"]
				},
				"Leg_BL": {
					"rotation": {
						"0.0": [9.49, 0, 0],
						"0.4167": {
							"pre": [-76.4, 0, 0],
							"post": [-76.4, 0, 0],
							"lerp_mode": "catmullrom"
						},
						"1.3333": [55.5, 0, 0],
						"1.5": [74, 0, 0],
						"1.6667": [77.2, 0, 0],
						"1.8333": [66.1, 0, 0],
						"2.0": [9.49, 0, 0]
					},
					"position": {
						"0.0": [0, 0, 0],
						"0.0833": [0, 0.00362, 0],
						"0.1667": [0, -0.2, 0],
						"0.25": [0, -1.43227, 0],
						"0.3333": [0, -3.23605, 0],
						"0.4167": [0, -4.0178, 0],
						"0.5": [0, -4.2, 0],
						"0.5833": [0, -3.96024, 0],
						"0.6667": [0, -3.36644, 0],
						"0.75": [0, -2.53094, 0],
						"0.8333": [0, -1.54624, 0],
						"0.9167": [0, -0.51368, 0],
						"1.0": [0, 0.39446, 0],
						"1.0833": [0, 0.5, 0],
						"1.1667": [0, -0.74336, 0],
						"1.25": [0, -1.80921, 0],
						"1.3333": [0, -2.74247, 0],
						"1.4167": [0, -3.50226, 0],
						"1.5": [0, -3.9, 0],
						"1.5833": [0, -3.47675, 0],
						"1.6667": [0, -2.75593, 0],
						"1.8333": [0, -1.15606, 0],
						"1.9167": [0, -0.43174, 0],
						"2.0": [0, 0, 0]
					}
				},
				"leg_BR": {
					"rotation": {
						"0.0": [-0.76, 0, 0],
						"0.5833": {
							"pre": [77.2, 0, 0],
							"post": [77.2, 0, 0],
							"lerp_mode": "catmullrom"
						},
						"1.1667": [-47.13, 0, 0],
						"1.3333": [-75.1, 0, 0],
						"1.5": [-76.4, 0, 0],
						"1.6667": [-57, 0, 0],
						"2.0": [-0.76, 0, 0]
					},
					"position": {
						"0.0": [0, 0, 0],
						"0.0833": [0, 0.00362, 0],
						"0.1667": [0, -0.2, 0],
						"0.25": [0, -1.43227, 0],
						"0.3333": [0, -3.23605, 0],
						"0.4167": [0, -4.0178, 0],
						"0.5": [0, -4.2, 0],
						"0.5833": [0, -3.96024, 0],
						"0.6667": [0, -3.36644, 0],
						"0.75": [0, -2.53094, 0],
						"0.8333": [0, -1.54624, 0],
						"0.9167": [0, -0.51368, 0],
						"1.0": [0, 0.39446, 0],
						"1.0833": [0, 0.5, 0],
						"1.1667": [0, -0.74336, 0],
						"1.25": [0, -1.80921, 0],
						"1.3333": [0, -2.74247, 0],
						"1.4167": [0, -3.50226, 0],
						"1.5": [0, -3.9, 0],
						"1.5833": [0, -3.47675, 0],
						"1.6667": [0, -2.75593, 0],
						"1.8333": [0, -1.15606, 0],
						"1.9167": [0, -0.43174, 0],
						"2.0": [0, 0, 0]
					}
				},
				"Leg_FL": {
					"rotation": {
						"0.0": [80.1, 0, 0],
						"0.1667": [80.1, 0, 0],
						"0.9167": {
							"pre": [-76.4, 0, 0],
							"post": [-76.4, 0, 0],
							"lerp_mode": "catmullrom"
						},
						"2.0": [80.1, 0, 0]
					},
					"position": {
						"0.0833": [0, -4.9, 0],
						"0.1667": [0, -3.94171, 0],
						"0.25": [0, -2.35032, 0],
						"0.3333": [0, -1.07173, 0],
						"0.4167": [0, -0.30662, 0],
						"0.5": [0, -0.03675, 0],
						"0.5833": [0, -0.2, 0],
						"0.6667": [0, -0.6746, 0],
						"0.75": [0, -1.54226, 0],
						"0.8333": [0, -3.12951, 0],
						"0.9167": [0, -4.04412, 0],
						"1.0": [0, -4.2, 0],
						"1.0833": [0, -3.97022, 0],
						"1.1667": [0, -3.42015, 0],
						"1.25": [0, -2.65883, 0],
						"1.3333": [0, -1.75778, 0],
						"1.4167": [0, -0.78051, 0],
						"1.5": [0, 0.17757, 0],
						"1.5833": [0, 0.5, 0],
						"1.6667": [0, -1.24959, 0],
						"1.75": [0, -2.49604, 0],
						"1.8333": [0, -3.55936, 0],
						"1.9167": [0, -4.42695, 0],
						"2.0": [0, -4.9, 0]
					}
				},
				"Leg_FR": {
					"rotation": {
						"0.0": [-76.4, 0, 0],
						"1.0": {
							"pre": [80.1, 0, 0],
							"post": [80.1, 0, 0],
							"lerp_mode": "catmullrom"
						},
						"1.8333": [-76.4, 0, 0],
						"2.0": [-76.4, 0, 0]
					},
					"position": {
						"0.0833": [0, -4.9, 0],
						"0.1667": [0, -3.94171, 0],
						"0.25": [0, -2.35032, 0],
						"0.3333": [0, -1.07173, 0],
						"0.4167": [0, -0.30662, 0],
						"0.5": [0, -0.03675, 0],
						"0.5833": [0, -0.2, 0],
						"0.6667": [0, -0.6746, 0],
						"0.75": [0, -1.54226, 0],
						"0.8333": [0, -3.12951, 0],
						"0.9167": [0, -4.04412, 0],
						"1.0": [0, -4.2, 0],
						"1.0833": [0, -3.97022, 0],
						"1.1667": [0, -3.42015, 0],
						"1.25": [0, -2.65883, 0],
						"1.3333": [0, -1.75778, 0],
						"1.4167": [0, -0.78051, 0],
						"1.5": [0, 0.17757, 0],
						"1.5833": [0, 0.5, 0],
						"1.6667": [0, -1.24959, 0],
						"1.75": [0, -2.49604, 0],
						"1.8333": [0, -3.55936, 0],
						"1.9167": [0, -4.42695, 0],
						"2.0": [0, -4.9, 0]
					}
				},
				"Body": {
					"rotation": ["math.cos(query.anim_time*360)*2.5", "-math.sin(query.anim_time*180-45)*2.5", "-math.cos(query.anim_time*180-45)*3"],
					"position": [0, "math.sin(query.anim_time*360 )*1.75-1", 0]
				},
				"whisker2": {
					"rotation": [0, 0, "math.cos( 30 + query.anim_time*180)*20 "]
				},
				"whisker3": {
					"rotation": [0, 0, "math.cos( 30 + query.anim_time*180)*20 "]
				},
				"whisker1": {
					"rotation": ["math.cos(query.anim_time*180)*20  ", 0, "math.cos(30 + query.anim_time*180)*20  "]
				},
				"whisker4": {
					"rotation": ["math.cos(query.anim_time*180)*20  ", 0, "math.cos(30 + query.anim_time*180)*20  "]
				},
				"root": {
					"scale": [1, "1 + (math.sin(query.anim_time * 360) * 0.03 ) ", 1]
				}
			}
		},
		"idle": {
			"loop": true,
			"animation_length": 5,
			"bones": {
				"root": {
					"scale": [1, "1 + (math.sin(query.anim_time * 72) * 0.03 ) ", 1]
				},
				"Tail": {
					"rotation": {
						"0.0": {
							"post": ["1+(math.cos(query.anim_time * 72) * 1 )", "(math.sin(query.anim_time * 72 + 25 ) *  -3)", "(math.sin(query.anim_time * 72 + 25 ) *  5)"],
							"lerp_mode": "catmullrom"
						}
					}
				},
				"Head": {
					"rotation": {
						"0.0": {
							"post": ["10+(math.cos(query.anim_time * 72) * 1 )", 0, "(math.sin(query.anim_time * 72 + 25 ) *  -2)"],
							"lerp_mode": "catmullrom"
						}
					}
				}
			}
		}
	}
}